title,link,published
Scared of the AI bubble Hedge your fears with DSt bets HSBC,https://economictimes.indiatimes.com/markets/stocks/news/scared-of-the-ai-bubble-hedge-your-fears-with-d-st-bets-hsbc/articleshow/125178737.cms,"Sat, 08 Nov 2025 10:37:23 +0530"
Torrent Pharma Q2 PAT jumps 30 YoY to Rs 591 crore,https://economictimes.indiatimes.com/markets/stocks/earnings/torrent-pharma-q2-pat-jumps-30-yoy-to-rs-591-crore/articleshow/125178686.cms,"Sat, 08 Nov 2025 10:31:27 +0530"
Time Technoplast floats QIP for Rs 800 crore,https://economictimes.indiatimes.com/markets/stocks/news/time-technoplast-floats-qip-for-rs-800-crore/articleshow/125178646.cms,"Sat, 08 Nov 2025 10:27:42 +0530"
Vanguards India Portfolio Shines 10 Stocks rally up to 90 in FY26 Do you own any,https://economictimes.indiatimes.com/markets/stocks/news/vanguards-india-portfolio-shines-10-stocks-rally-up-to-90-in-fy26-do-you-own-any/slideshow/125178413.cms,"Sat, 08 Nov 2025 09:57:52 +0530"
Tailwinds for rally fade focus on Bihar results US equation,https://economictimes.indiatimes.com/markets/stocks/news/tailwinds-for-rally-fade-focus-on-bihar-results-us-equation/articleshow/125178123.cms,"Sat, 08 Nov 2025 09:44:40 +0530"
Europes STOXX 600 ends volatile week lower ITV soars,https://economictimes.indiatimes.com/markets/stocks/news/europes-stoxx-600-ends-volatile-week-lower-itv-soars/articleshow/125177864.cms,"Sat, 08 Nov 2025 09:18:58 +0530"
Nasdaq posts worst week since April amid AI rally jitters US yields slip,https://economictimes.indiatimes.com/markets/stocks/news/nasdaq-posts-worst-week-since-april-amid-ai-rally-jitters-us-yields-slip/articleshow/125177839.cms,"Sat, 08 Nov 2025 09:15:41 +0530"
Wall Street Week Ahead Investors watching US economic signs as market pulls back tech teeters,https://economictimes.indiatimes.com/markets/stocks/news/wall-street-week-ahead-investors-watching-us-economic-signs-as-market-pulls-back-tech-teeters/articleshow/125177792.cms,"Sat, 08 Nov 2025 09:10:11 +0530"
Hindalco to infuse 750 million equity into US unit Novelis,https://economictimes.indiatimes.com/markets/stocks/news/hindalco-to-infuse-750-million-equity-into-us-unit-novelis/articleshow/125177892.cms,"Sat, 08 Nov 2025 00:16:35 +0530"
Arvind Ltd realigns supply chain expands beyond US to beat tariff hit,https://economictimes.indiatimes.com/markets/stocks/earnings/arvind-ltd-realigns-supply-chain-expands-beyond-us-to-beat-tariff-hit/articleshow/125165928.cms,"Fri, 07 Nov 2025 21:51:17 +0530"
Puravankara reports Rs 663 crore revenue in Q2FY26 28 growth YoY,https://economictimes.indiatimes.com/markets/stocks/earnings/puravankara-reports-rs-663-crore-revenue-in-q2fy26-28-growth-yoy/articleshow/125165902.cms,"Fri, 07 Nov 2025 21:44:58 +0530"
Shipping Corporation declares Rs 3 per share dividend sets Nov 19 as record date,https://economictimes.indiatimes.com/markets/stocks/news/shipping-corporation-declares-rs-3-per-share-dividend-sets-nov-19-as-record-date/articleshow/125164885.cms,"Fri, 07 Nov 2025 21:03:16 +0530"
Fed Vice Chair Jefferson Slow approach to cuts makes sense as policy rate approaches neutral,https://economictimes.indiatimes.com/markets/stocks/news/fed-vice-chair-jefferson-slow-approach-to-cuts-makes-sense-as-policy-rate-approaches-neutral/articleshow/125164671.cms,"Fri, 07 Nov 2025 20:48:50 +0530"
Jack Dorseyled Blocks shares fall 11 amid concerns over Square profitability,https://economictimes.indiatimes.com/markets/stocks/news/jack-dorsey-led-blocks-shares-fall-11-amid-concerns-over-square-profitability/articleshow/125164531.cms,"Fri, 07 Nov 2025 20:43:52 +0530"
ET Market Watch Profit booking weak global cues drag markets Sensex ends marginally lower,https://economictimes.indiatimes.com/markets/stocks/etmarkets-podcast/et-market-watch-profit-booking-weak-global-cues-drag-markets-sensex-ends-marginally-lower/podcast/125164017.cms,"Fri, 07 Nov 2025 20:16:20 +0530"
US stocks set for weekly decline as concerns over economy tech valuations weigh,https://economictimes.indiatimes.com/markets/stocks/news/us-stocks-set-for-weekly-decline-as-concerns-over-economy-tech-valuations-weigh/articleshow/125163814.cms,"Fri, 07 Nov 2025 20:05:27 +0530"
Quest 2030 SBI aims to be among worlds top 10 banks by mcap,https://economictimes.indiatimes.com/markets/stocks/news/three-indian-banks-to-be-among-global-top-10-lenders-in-m-cap-by-2030-cs-setty/articleshow/125178279.cms,"Fri, 07 Nov 2025 20:05:16 +0530"
Torrent Pharma Q2 Results Net profit jumps 30 to Rs 591 crore,https://economictimes.indiatimes.com/markets/stocks/earnings/torrent-pharma-q2-results-net-profit-jumps-30-to-rs-591-crore/articleshow/125163224.cms,"Fri, 07 Nov 2025 19:35:27 +0530"
Sebi issues draft circular on prorata paripassu rights of AIF investors,https://economictimes.indiatimes.com/markets/stocks/news/sebi-issues-draft-circular-on-pro-rata-pari-passu-rights-of-aif-investors/articleshow/125163149.cms,"Fri, 07 Nov 2025 19:31:56 +0530"
Birla Corporation posts Rs 90 crore Q2 net profit,https://economictimes.indiatimes.com/markets/stocks/earnings/birla-corporation-posts-rs-90-crore-q2-net-profit/articleshow/125162998.cms,"Fri, 07 Nov 2025 19:25:19 +0530"
Is gold price too high or is it still low Aswath Damodaran finds out using 2 metrics,https://economictimes.indiatimes.com/markets/stocks/news/is-gold-price-too-high-or-is-it-still-low-aswath-damodaran-finds-out-using-2-metrics/articleshow/125162424.cms,"Fri, 07 Nov 2025 19:00:24 +0530"
PFC declares second interim dividend of Rs 365share sets Nov 26 as record date,https://economictimes.indiatimes.com/markets/stocks/news/pfc-declares-second-interim-dividend-of-rs-3-65/share-sets-nov-26-as-record-date/articleshow/125161948.cms,"Fri, 07 Nov 2025 18:41:35 +0530"
HSBC sees India as way to diversify from crowded AI holdings sets Sensex target at 94000 by 2026 end,https://economictimes.indiatimes.com/markets/stocks/news/hsbc-sees-india-as-way-to-diversify-from-crowded-ai-holdings-sets-sensex-target-at-94000-by-2026-end/articleshow/125161606.cms,"Fri, 07 Nov 2025 18:28:50 +0530"
Interarch Building Solutions posts Rs 32 cr profit in Q2,https://economictimes.indiatimes.com/markets/stocks/earnings/interarch-building-solutions-posts-rs-32-cr-profit-in-q2/articleshow/125161319.cms,"Fri, 07 Nov 2025 18:13:45 +0530"
8 stocks with rising EPS over four quarters Are you missing out,https://economictimes.indiatimes.com/markets/stocks/news/8-stocks-with-rising-eps-over-four-quarters-are-you-missing-out/slideshow/125160239.cms,"Fri, 07 Nov 2025 17:29:43 +0530"
Nalco Q2 Results Profit rises 37 to Rs 1430 crore,https://economictimes.indiatimes.com/markets/stocks/earnings/nalco-q2-results-profit-rises-37-to-rs-1430-crore/articleshow/125159959.cms,"Fri, 07 Nov 2025 17:26:31 +0530"
Bajaj Auto Q2 Results Cons PAT soars 53 YoY to Rs 2122 crore revenue rises 19,https://economictimes.indiatimes.com/markets/stocks/earnings/bajaj-auto-q2-results-cons-pat-soars-53-yoy-to-rs-2122-crore-revenue-rises-19/articleshow/125159539.cms,"Fri, 07 Nov 2025 17:14:35 +0530"
Trent Q2 Results Profit rises 11 YoY to Rs 377 crore revenue up 16,https://economictimes.indiatimes.com/markets/stocks/earnings/trent-q2-results-profit-rises-11-yoy-to-rs-377-crore-revenue-up-16/articleshow/125159074.cms,"Fri, 07 Nov 2025 17:00:16 +0530"
Smartworks reports 21 growth in revenue during Q2FY26,https://economictimes.indiatimes.com/markets/stocks/earnings/smartworks-reports-21-growth-in-revenue-during-q2fy26/articleshow/125159233.cms,"Fri, 07 Nov 2025 17:00:09 +0530"
Gainers amp Losers BSE Vodafone and Ola among 7 stocks that hogged limelight on Friday,https://economictimes.indiatimes.com/markets/stocks/news/gainers-losers-bse-vodafone-and-ola-among-7-stocks-that-hogged-limelight-on-friday/slideshow/125158394.cms,"Fri, 07 Nov 2025 16:28:39 +0530"
Swiggy approves Rs 10000 crore fundraise as quickcommerce battle with Zepto and Blinkit heats up,https://economictimes.indiatimes.com/markets/stocks/news/swiggy-board-approves-plans-to-raise-rs-10000-crore-via-qip/articleshow/125158184.cms,"Fri, 07 Nov 2025 16:20:32 +0530"
Nykaa Q2 Results Cons PAT skyrockets 243 YoY to Rs 34 crore revenue jumps 25,https://economictimes.indiatimes.com/markets/stocks/earnings/nykaa-q2-results-cons-pat-skyrockets-243-yoy-to-rs-34-crore-revenue-jumps-by-25/articleshow/125157804.cms,"Fri, 07 Nov 2025 16:11:09 +0530"
AU Small Finance UPL among 7 stocks that hit 52week highs gained up to 22 in a month,https://economictimes.indiatimes.com/markets/stocks/news/au-small-finance-upl-among-7-stocks-that-hit-52-week-highs-gained-up-to-22-in-a-month/slideshow/125157896.cms,"Fri, 07 Nov 2025 16:07:05 +0530"
Triveni Engineering Q2 Results Net loss narrows to Rs 2138 crore revenue sees upstick,https://economictimes.indiatimes.com/markets/stocks/earnings/triveni-engineering-q2-results-net-loss-narrows-to-rs-21-38-crore-revenue-sees-upstick/articleshow/125157549.cms,"Fri, 07 Nov 2025 15:59:45 +0530"
Fab 7 isnt a bubble Ansid Capitals Anurag Singh says big tech still has legs but India needs a year of cooling off,https://economictimes.indiatimes.com/markets/stocks/news/fab-7-isnt-a-bubble-ansid-capitals-anurag-singh-says-big-tech-still-has-legs-but-india-needs-a-year-of-cooling-off/articleshow/125157325.cms,"Fri, 07 Nov 2025 15:58:52 +0530"
Market Wrap Sensex slips 01 Nifty holds below 25500 as DSt pares sharp intraday losses but end week lower,https://economictimes.indiatimes.com/markets/stocks/news/market-wrap-sensex-slips-0-1-nifty-holds-below-25500-as-d-st-pares-sharp-intraday-losses-but-end-week-lower/articleshow/125156965.cms,"Fri, 07 Nov 2025 15:47:52 +0530"
BSE other capital market stocks zoom up to 11 on supportive FampO commentary by FM SEBI chairman,https://economictimes.indiatimes.com/markets/stocks/news/bse-other-capital-market-stocks-zoom-up-to-11-on-supportive-fo-commentary-by-fm-sebi-chairman/articleshow/125156679.cms,"Fri, 07 Nov 2025 15:29:11 +0530"
Shedding market myopia Excessive QoQ focus can make you miss some multibaggers says Gurmeet Chadha,https://economictimes.indiatimes.com/markets/stocks/news/shedding-market-myopia-excessive-qoq-focus-can-make-you-miss-some-multibaggers-says-gurmeet-chadha/articleshow/125156085.cms,"Fri, 07 Nov 2025 15:06:13 +0530"
NSEs longterm trajectory intact FampO tightening key risk Motilal Oswal,https://economictimes.indiatimes.com/markets/stocks/news/nses-long-term-trajectory-intact-fo-tightening-key-risk-motilal-oswal/articleshow/125155277.cms,"Fri, 07 Nov 2025 14:32:37 +0530"
Europes STOXX 600 steady after volatile week ITV soars,https://economictimes.indiatimes.com/markets/stocks/news/europes-stoxx-600-steady-after-volatile-week-itv-soars/articleshow/125155150.cms,"Fri, 07 Nov 2025 14:27:15 +0530"
Brokerages reaffirm bullish outlook on Paytm cite profitability momentum AIled growth,https://economictimes.indiatimes.com/markets/stocks/news/brokerages-reaffirm-bullish-outlook-on-paytm-cite-profitability-momentum-ai-led-growth/articleshow/125155079.cms,"Fri, 07 Nov 2025 14:24:16 +0530"
10 highgrowth highmargin stocks surged up to 97 in a year Are you in or out,https://economictimes.indiatimes.com/markets/stocks/news/10-high-growth-high-margin-stocks-surged-up-to-97-in-a-year-are-you-in-or-out/slideshow/125155189.cms,"Fri, 07 Nov 2025 14:20:00 +0530"
Hindalco Q2 Results Cons profit jumps 21 YoY to Rs 4741 crore revenue up 13,https://economictimes.indiatimes.com/markets/stocks/earnings/hindalco-q2-results-cons-profit-jumps-21-yoy-to-rs-4741-crore-revenue-up-13/articleshow/125154351.cms,"Fri, 07 Nov 2025 13:56:29 +0530"
SEBI to comprehensively review short selling and SLBM frameworks Tuhin Kanta Pandey,https://economictimes.indiatimes.com/markets/stocks/news/sebi-to-comprehensively-review-short-selling-and-slbm-frameworks-tuhin-kanta-pandey/articleshow/125152933.cms,"Fri, 07 Nov 2025 13:02:35 +0530"
Japans Nikkei suffers worst week since April as AI shares sell off,https://economictimes.indiatimes.com/markets/stocks/news/japans-nikkei-suffers-worst-week-since-april-as-ai-shares-sell-off/articleshow/125152633.cms,"Fri, 07 Nov 2025 12:44:05 +0530"
Divis Laboratories Q2 Results Cons profit jumps 35 YoY to Rs 689 crore revenue up 16,https://economictimes.indiatimes.com/markets/stocks/earnings/divis-laboratories-q2-results-cons-profit-jumps-35-yoy-to-rs-689-crore-revenue-up-16/articleshow/125151857.cms,"Fri, 07 Nov 2025 12:21:04 +0530"
Citi sees 51 growth potential in Vodafone Idea shares drives stock 5 high Heres why,https://economictimes.indiatimes.com/markets/stocks/news/citi-sees-51-growth-potential-in-vodafone-idea-shares-drives-stock-5-high-heres-why/articleshow/125151788.cms,"Fri, 07 Nov 2025 12:11:39 +0530"
Lupin shares jump 2 as Q2 PAT soars 73 YoY to Rs 1485 crore,https://economictimes.indiatimes.com/markets/stocks/news/lupin-shares-jump-2-as-q2-pat-soars-73-yoy-to-rs-1485-crore/articleshow/125151551.cms,"Fri, 07 Nov 2025 11:56:07 +0530"
Sebi flags 1 lakh social media posts for misleading content says unregulated influencers pose direct risk,https://economictimes.indiatimes.com/markets/stocks/news/sebi-flags-1-lakh-social-media-posts-for-misleading-content-says-unregulated-influencers-pose-direct-risk/articleshow/125151291.cms,"Fri, 07 Nov 2025 11:44:40 +0530"
LICs margins surprises street JM Financial sees strong H2 maintains Buy on stock with Rs 1111 target,https://economictimes.indiatimes.com/markets/stocks/news/lics-margins-surprises-street-jm-financial-sees-strong-h2-maintains-buy-on-stock-with-rs-1111-target/articleshow/125150855.cms,"Fri, 07 Nov 2025 11:19:22 +0530"
