title,link,published,summary
Netweb Technologies shares in focus on partnership to build AI infrastructure solutions,https://economictimes.indiatimes.com/markets/stocks/news/netweb-technologies-shares-in-focus-on-partnership-to-build-ai-infrastructure-solutions/articleshow/124404085.cms,"Thu, 09 Oct 2025 09:22:55 +0530","Netweb Technologies India has partnered with Bengaluru-based Bud Ecosystem to develop affordable, localized AI infrastructure solutions for India. The collaboration will produce modular, scalable AI-in-a-Box systems combining optimized hardware and software, enabling AI adoption even in low-connectivity environments. Customers can start with CPU-based setups and seamlessly upgrade to advanced GPU or accelerator-based configurations as required."
Hitachi Energy among 5 F&amp;O stocks that saw high increase in futures open interest,https://economictimes.indiatimes.com/markets/stocks/news/hitachi-energy-among-5-fo-stocks-that-saw-high-increase-in-futures-open-interest/slideshow/124404146.cms,"Thu, 09 Oct 2025 09:17:31 +0530","A sharp rise in open interest indicates a higher number of active, unexpired futures contracts, suggesting that more market participants are either initiating new positions or adding to existing ones."
"India’s office market crosses 1 billion sq ft, rents on the rise: Knight Frank study",https://economictimes.indiatimes.com/markets/digital-real-estate/realty-news/indias-office-market-crosses-1-billion-sq-ft-rents-on-the-rise-knight-frank-study/articleshow/124403959.cms,"Thu, 09 Oct 2025 09:15:17 +0530","India's office real estate is on track for a record-breaking 2025, with Q3 leasing hitting 17.8 million sq ft.  Strong demand from Global Capability Centres and IT services is driving growth, pushing year-to-date leasing up 24%.  Vacancy rates have fallen to 14.5%, and rents are steadily climbing across major cities, signaling a robust market."
Naukri gains spotlight after Q2 business update shows 12% growth in billings,https://economictimes.indiatimes.com/markets/stocks/news/naukri-gains-spotlight-after-q2-business-update-shows-12-growth-in-billings/articleshow/124403926.cms,"Thu, 09 Oct 2025 09:11:17 +0530","Info Edge (India), the parent of Naukri.com, reported a 12.1% YoY rise in standalone billings to Rs 729 crore for Q2FY26, driven by steady growth across its Recruitment Solutions and 99acres segments. Half-year billings rose to Rs 1,373 crore. The company said these unaudited figures are subject to review by its board and auditors."
Markets in wait-and-watch mode; festive consumption &amp; manufacturing revival could drive next rally: Dikshit Mittal,https://economictimes.indiatimes.com/markets/expert-view/markets-in-wait-and-watch-mode-festive-consumption-manufacturing-revival-could-drive-next-rally-dikshit-mittal/articleshow/124385864.cms,"Thu, 09 Oct 2025 09:11:00 +0530","Indian markets are building a foundation for a future rally. Strong third-quarter growth, festive consumption, and policy support are expected to trigger an upward breakout later this year. Domestic liquidity remains robust. Consumption and discretionary spending are set to lead, with manufacturing and semiconductors also showing promise. Investors should stay invested in quality stocks for the next growth cycle."
Diwali 2025 Picks: Asit C. Mehta recommends these 9 stocks with up to 54% upside,https://economictimes.indiatimes.com/markets/stocks/news/diwali-2025-picks-asit-c-mehta-recommends-these-9-stocks-with-up-to-54-upside/slideshow/124403889.cms,"Thu, 09 Oct 2025 09:02:58 +0530","Asit C. Mehta has unveiled its top Diwali 2025 portfolio, recommending nine stocks across infrastructure, logistics, hospitality, and pharmaceuticals. These picks, including Power Mech Projects and Gravita India, offer significant upside potential, with some projected to gain over 50% by Diwali 2025."
"Fixed income set to perform well amid limited easing room, says Churchil Bhatt",https://economictimes.indiatimes.com/markets/digital-real-estate/realty-news/fixed-income-set-to-perform-well-amid-limited-easing-room-says-churchil-bhatt/articleshow/124387127.cms,"Thu, 09 Oct 2025 09:00:00 +0530",Fixed income assets are poised for strong performance over the next year. Churchil Bhatt of Kotak Mahindra Life Insurance highlights supportive macroeconomic conditions. Investors can anticipate better-than-average returns. Recent RBI policy signals potential rate cuts. New banking reforms are set to boost M&amp;A financing and corporate borrowing. This presents a favorable environment for fixed income investments.
"ETMarkets Smart Talk: This is a sideways market, time for smart stock picking, says PL Capital’s Vikram Kasat",https://economictimes.indiatimes.com/markets/expert-view/etmarkets-smart-talk-this-is-a-sideways-market-time-for-smart-stock-picking-says-pl-capitals-vikram-kasat/articleshow/124386444.cms,"Thu, 09 Oct 2025 09:00:00 +0530","Despite positive economic data, Indian equities are expected to trade sideways due to valuation concerns and consistent FII selling. Vikram Kasat of PL Capital highlights this as a stock-picker's market, favoring selective opportunities in sectors like metals, autos, and defence, alongside promising new-age listings."
"Buy Titan, watch Trent: ICICI Direct's Kaustubh Pawaskar on what’s next for Tata retail stocks",https://economictimes.indiatimes.com/markets/expert-view/buy-titan-watch-trent-icici-directs-kaustubh-pawaskar-on-whats-next-for-tata-retail-stocks/articleshow/124385373.cms,"Thu, 09 Oct 2025 09:00:00 +0530","Tata Group's retail performance shows a divergence, with Titan Company's jewellery segment exceeding expectations while Trent Ltd. experienced slower-than-anticipated growth. Titan's strong festive demand and studded jewellery sales drove its success, while Trent anticipates a rebound in the festive-heavy third quarter following a slowdown attributed to GST rate cuts and a high base effect."
ETMarkets Smart Talk: From festive demand to IPO frenzy: Why Nikhil Khandelwal remains bullish on FY26,https://economictimes.indiatimes.com/markets/expert-view/etmarkets-smart-talk-from-festive-demand-to-ipo-frenzy-why-nikhil-khandelwal-remains-bullish-on-fy26/articleshow/124381452.cms,"Thu, 09 Oct 2025 09:00:00 +0530","Indian markets are poised for growth in FY26. Strong domestic economic activity, a booming IPO market, and increasing SIP investments are key drivers. Festive demand and GST benefits are boosting consumption. Experts anticipate double-digit gains for the financial year. The primary market offers unique, fast-growing companies at attractive valuations. SIP growth reflects increasing investor participation."
ETMarkets Smart Talk | Structural bull run intact; expect sustainable 12–14% returns ahead: Amar Ambani,https://economictimes.indiatimes.com/markets/expert-view/etmarkets-smart-talk-structural-bull-run-intact-expect-sustainable-1214-returns-ahead-amar-ambani/articleshow/124381317.cms,"Thu, 09 Oct 2025 09:00:00 +0530","Despite global headwinds, the Indian equity market shows resilience, with Amar Ambani of YES SECURITIES predicting sustainable 12-14% returns. He highlights strong domestic flows, robust corporate fundamentals, and policy tailwinds supporting a structural bull run, while expecting an earnings revival in H2 FY26."
"InCred Equities lists HDFC Bank, among 9 other stocks as top 10 high conviction picks. Check full list",https://economictimes.indiatimes.com/markets/stocks/news/incred-equities-lists-hdfc-bank-among-9-other-stocks-as-top-10-high-conviction-picks-check-full-list/slideshow/124403696.cms,"Thu, 09 Oct 2025 08:47:13 +0530","InCred Equities had named HDFC Bank, Bajaj Auto, Axis Bank, and seven other stocks as its top 10 high-conviction “ADD” picks for October 2025, highlighting strong growth potential, robust fundamentals, and attractive valuations."
From assets to investments: Making infrastructure and real estate as investible as equities,https://economictimes.indiatimes.com/markets/digital-real-estate/realty-news/from-assets-to-investments-making-infrastructure-and-real-estate-as-investible-as-equities/articleshow/124403519.cms,"Thu, 09 Oct 2025 08:37:22 +0530","Indian investors are now accessing infrastructure and real estate like never before.  Alternative Investment Funds (AIFs), InvITs, and REITs are transforming these sectors into investible asset classes. This democratizes participation, channeling savings into nation-building projects and offering stable, inflation-hedged returns, marking a significant financialization of India's growth."
Ex-trader investigating Jane Street ends term at Sebi,https://economictimes.indiatimes.com/markets/stocks/news/ex-trader-investigating-jane-street-ends-term-at-sebi/articleshow/124403480.cms,"Thu, 09 Oct 2025 08:34:06 +0530","A key SEBI official, Ananth Narayan, who spearheaded the probe into Jane Street Group LLC's alleged market manipulation, is set to depart as his term concludes. The investigation into the US trading firm, accused of exploiting India's stock and derivatives markets, continues as SEBI faces Jane Street in court. This high-profile case, involving significant financial stakes, has garnered global attention."
Explained: Reliance Industries is India’s most valuable company but why isn’t it No.1 in Nifty50 weight?,https://economictimes.indiatimes.com/markets/stocks/news/explained-reliance-industries-is-indias-most-valuable-company-but-why-isnt-it-no-1-in-nifty50-weight/articleshow/124403406.cms,"Thu, 09 Oct 2025 08:31:28 +0530","Reliance Industries, despite its massive market capitalization, ranks third in Nifty 50 index weight due to its lower free-float shares. Banks like HDFC Bank and ICICI Bank hold higher weights because a larger portion of their stock is available for public trading, influencing the index more significantly."
TCS shares in focus ahead of Q2FY26 results today,https://economictimes.indiatimes.com/markets/stocks/news/tcs-shares-in-focus-ahead-of-q2fy26-results-today/articleshow/124403360.cms,"Thu, 09 Oct 2025 08:28:47 +0530","TCS share price: TCS is set to announce its Q2FY26 results later today, with brokerages projecting net profit between Rs 12,346–13,058 crore and revenue of Rs 64,200–65,700 crore. Analysts will track margins, BFSI growth, GenAI adoption, H1-B visa impact, and deal momentum."
Bonus issue alert: Last day to buy shares of these 7 companies ahead of record date,https://economictimes.indiatimes.com/markets/stocks/news/bonus-issue-alert-last-day-to-buy-shares-of-these-7-companies-ahead-of-record-date/articleshow/124403327.cms,"Thu, 09 Oct 2025 08:26:32 +0530","October 9 is the last day to buy shares of seven companies, including Harshil Agrotech, Laxmi Goldorna, and Narmada Macplast, to qualify for upcoming bonus issues. Stocks will trade ex-bonus from October 10, making today the critical cutoff for eligibility."
TCS to announce Q2 results today: 10 things to track and how to trade,https://economictimes.indiatimes.com/markets/stocks/earnings/tcs-to-announce-q2-results-today-10-things-to-track-and-how-to-trade/articleshow/124403310.cms,"Thu, 09 Oct 2025 08:24:06 +0530","Tata Consultancy Services announces its Q2 results today. Investors anticipate subdued growth and minimal margin changes. The company navigates challenges including employee separation, wage adjustments, and uncertain US demand. Key factors to watch include the impact of layoffs, US market outlook, revenue growth, and margin performance. Mega deals and vertical performance are also under scrutiny."
"Last day to buy Hexaware Technologies, 2 other stocks to qualify for dividends",https://economictimes.indiatimes.com/markets/stocks/news/last-day-to-buy-hexaware-technologies-2-other-stocks-to-qualify-for-dividends/articleshow/124403230.cms,"Thu, 09 Oct 2025 08:21:09 +0530","October 9 is the last day to buy shares of Hexaware Technologies, Rashtriya Chemicals &amp; Fertilizers, and Sacheta Metals to qualify for the announced dividends. Hexaware offers a 575% interim payout, RCF 13.2%, and Sacheta Metals 2.5%, with ex-dividend from October 10."
"Rubicon Research IPO: Check GMP, brokerages review, subscription and other details",https://economictimes.indiatimes.com/markets/ipos/fpos/rubicon-research-ipo-check-gmp-brokerages-review-subscription-and-other-details/articleshow/124403185.cms,"Thu, 09 Oct 2025 08:18:46 +0530","Rubicon Research's Rs 1,377 crore IPO opens on October 9. The specialty and generics pharmaceutical manufacturer offers shares at Rs 461-485. Grey market premium indicates strong listing expectations. Arihant Capital recommends subscribing due to growth and product pipeline. The company shows a financial turnaround with surging revenue and profit. This IPO offers exposure to a fast-scaling pharma exporter."
UPL Share Price Live Updates: UPL's trading volume reflects investor confidence,https://economictimes.indiatimes.com/markets/stocks/stock-liveblog/upl-share-price-today-live-09-oct-2025/liveblog/124403092.cms,"Thu, 09 Oct 2025 08:14:28 +0530",
Britannia Share Price Live Updates: Britannia's Daily Trading Activity,https://economictimes.indiatimes.com/markets/stocks/stock-liveblog/britannia-share-price-today-live-updates-09-oct-2025/liveblog/124403089.cms,"Thu, 09 Oct 2025 08:14:24 +0530",
LG Electronics IPO GMP Live Updates: Issue subscribed over 3 times on Day 3. Check listing and allotment date here,https://economictimes.indiatimes.com/markets/stocks/live-blog/lg-electronics-ipo-gmp-day-3-subscription-status-share-price-listing-and-allotment-date-expert-review-latest-ipo-news-9-oct-2025/liveblog/124403088.cms,"Thu, 09 Oct 2025 08:14:23 +0530",
Adani Ent Share Price Live Updates: Adani Enterprises  Trading Volume Insights,https://economictimes.indiatimes.com/markets/stocks/stock-liveblog/adani-ent-share-price-live-09-oct-2025/liveblog/124403080.cms,"Thu, 09 Oct 2025 08:14:03 +0530",
UltraTech Cem Share Price Live Updates: UltraTech Cement's Trading Volume Insights,https://economictimes.indiatimes.com/markets/stocks/stock-liveblog/ultratech-cem-stock-price-livestock-price-today-live-updates-09-oct-2025/liveblog/124403079.cms,"Thu, 09 Oct 2025 08:13:59 +0530",
"Stocks to buy in 2025 for long term: Kaynes Technology, Titan among 4 stocks that could give 17-40% return",https://economictimes.indiatimes.com/markets/stocks/news/stocks-to-buy-in-2025-for-long-term-kaynes-technology-titan-among-4-stocks-that-could-give-17-40-return/slideshow/124403133.cms,"Thu, 09 Oct 2025 08:13:57 +0530",We have collated a list of recommendations from top brokerage firms from ETNow and other sources.
Tata Motors Share Price Live Updates: Tata Motors Volume Update,https://economictimes.indiatimes.com/markets/stocks/stock-liveblog/tata-motors-stock-price-livestock-price-today-live-updates-09-oct-2025/liveblog/124403072.cms,"Thu, 09 Oct 2025 08:13:42 +0530",
Infosys Share Price Live Updates: Infosys Trading Volume Insights,https://economictimes.indiatimes.com/markets/stocks/stock-liveblog/infosys-stock-price-live-updates-09-oct-2025/liveblog/124403062.cms,"Thu, 09 Oct 2025 08:13:23 +0530",
HDFC Life Share Price Live Updates: HDFC Life Volume Analysis,https://economictimes.indiatimes.com/markets/stocks/stock-liveblog/hdfc-life-share-price-live-updates-09-oct-2025/liveblog/124403060.cms,"Thu, 09 Oct 2025 08:13:21 +0530",
ITC Share Price Live Updates: ITC Trading Volume Insights,https://economictimes.indiatimes.com/markets/stocks/stock-liveblog/itc-share-price-today-live-09-oct-2025/liveblog/124403057.cms,"Thu, 09 Oct 2025 08:13:16 +0530",
Canara Robeco AMC IPO opens for subscription; GMP at 13%. Should you apply?,https://economictimes.indiatimes.com/markets/ipos/fpos/canara-robeco-amc-ipo-opens-for-subscription-gmp-at-13-should-you-apply/articleshow/124403054.cms,"Thu, 09 Oct 2025 08:13:05 +0530","Canara Robeco Asset Management Company's Rs 1,326 crore IPO opens on October 9. The issue is priced between Rs 253 and Rs 266 per share. Analysts are optimistic about its long-term prospects. The fund house focuses on retail investors and has a strong AUM expansion. Its financial performance shows consistent growth. This IPO is seen as a steady, long-term investment."
Dr Reddys Share Price Live Updates: Dr. Reddys recent trading volume,https://economictimes.indiatimes.com/markets/stocks/stock-liveblog/dr-reddys-stock-price-live-updates-09-oct-2025/liveblog/124403049.cms,"Thu, 09 Oct 2025 08:13:01 +0530",
HUL Share Price Live Updates: HUL Trading Volume Report,https://economictimes.indiatimes.com/markets/stocks/stock-liveblog/hul-share-price-today-live-09-oct-2025/liveblog/124403047.cms,"Thu, 09 Oct 2025 08:12:57 +0530",
TCS Share Price Live Updates: TCS Volume Analysis,https://economictimes.indiatimes.com/markets/stocks/stock-liveblog/tcs-share-price-live-09-oct-2025/liveblog/124403046.cms,"Thu, 09 Oct 2025 08:12:55 +0530",
Nestle India Share Price Live Updates: Nestle India Volume Performance,https://economictimes.indiatimes.com/markets/stocks/stock-liveblog/nestle-india-share-price-live-updates-09-oct-2025/liveblog/124403040.cms,"Thu, 09 Oct 2025 08:12:39 +0530",
L&amp;T Share Price Live Updates: L&amp;T Volume Performance,https://economictimes.indiatimes.com/markets/stocks/stock-liveblog/lt-share-price-live-updates-09-oct-2025/liveblog/124403039.cms,"Thu, 09 Oct 2025 08:12:38 +0530",
Kotak Bank Share Price Live Updates: Kotak Bank's Volume Performance,https://economictimes.indiatimes.com/markets/stocks/stock-liveblog/kotak-bank-stock-price-today-live-09-oct-2025/liveblog/124403037.cms,"Thu, 09 Oct 2025 08:12:37 +0530",
Divis Labs Share Price Live Updates: Divis Labs Market Activity,https://economictimes.indiatimes.com/markets/stocks/stock-liveblog/divis-labs-stock-price-live-updates-09-oct-2025/liveblog/124403033.cms,"Thu, 09 Oct 2025 08:12:29 +0530",
RIL Share Price Live Updates: RIL Trading Volume Insights,https://economictimes.indiatimes.com/markets/stocks/stock-liveblog/ril-stock-price-live-updates-09-oct-2025/liveblog/124403025.cms,"Thu, 09 Oct 2025 08:12:16 +0530",
NTPC Share Price Live Updates: NTPC's Recent Trading Activity,https://economictimes.indiatimes.com/markets/stocks/stock-liveblog/ntpc-stock-price-live-updates-09-oct-2025/liveblog/124403024.cms,"Thu, 09 Oct 2025 08:12:16 +0530",
HCL Tech Share Price Live Updates: HCL Tech Volume Performance,https://economictimes.indiatimes.com/markets/stocks/stock-liveblog/hcl-tech-share-price-today-live-09-oct-2025/liveblog/124403023.cms,"Thu, 09 Oct 2025 08:12:11 +0530",
HDFC Bank Share Price Live Updates: Explained: Reliance Industries is India’s most valuable company but why isn’t it No.1 in Nifty50 weight?,https://economictimes.indiatimes.com/markets/stocks/stock-liveblog/hdfc-bank-stock-price-livestock-price-today-live-updates-09-oct-2025/liveblog/124403020.cms,"Thu, 09 Oct 2025 08:12:03 +0530",
Apollo Hospital Share Price Live Updates: Apollo Hospital's Trading Volume Insights,https://economictimes.indiatimes.com/markets/stocks/stock-liveblog/apollo-hospital-share-price-today-live-09-oct-2025/liveblog/124403018.cms,"Thu, 09 Oct 2025 08:11:59 +0530",
M&amp;M Share Price Live Updates: M&amp;M Trading Activity Report,https://economictimes.indiatimes.com/markets/stocks/stock-liveblog/mm-stock-price-today-live-09-oct-2025/liveblog/124403017.cms,"Thu, 09 Oct 2025 08:11:56 +0530",
Hindalco Share Price Live Updates: Hindalco's Trading Volume Surges,https://economictimes.indiatimes.com/markets/stocks/stock-liveblog/hindalco-stock-price-live-updates-09-oct-2025/liveblog/124403013.cms,"Thu, 09 Oct 2025 08:11:49 +0530",
ONGC Share Price Live Updates: ONGC Volume Performance,https://economictimes.indiatimes.com/markets/stocks/stock-liveblog/ongc-stock-price-today-live-09-oct-2025/liveblog/124403009.cms,"Thu, 09 Oct 2025 08:11:41 +0530",
Grasim Inds Share Price Live Updates: Grasim Industries Trading Metrics,https://economictimes.indiatimes.com/markets/stocks/stock-liveblog/grasim-inds-share-price-live-updates-09-oct-2025/liveblog/124403007.cms,"Thu, 09 Oct 2025 08:11:34 +0530",
Bharti Airtel Share Price Live Updates: Bharti Airtel's Volume Performance,https://economictimes.indiatimes.com/markets/stocks/stock-liveblog/bharti-airtel-share-price-today-live-09-oct-2025/liveblog/124403005.cms,"Thu, 09 Oct 2025 08:11:34 +0530",
ICICI Bank Share Price Live Updates: Explained: Reliance Industries is India’s most valuable company but why isn’t it No.1 in Nifty50 weight?,https://economictimes.indiatimes.com/markets/stocks/stock-liveblog/icici-bank-share-price-today-live-updates-09-oct-2025/liveblog/124403001.cms,"Thu, 09 Oct 2025 08:11:27 +0530",
JSW Steel Share Price Live Updates: JSW Steel Trading Overview,https://economictimes.indiatimes.com/markets/stocks/stock-liveblog/jsw-steel-stock-price-livestock-price-today-live-updates-09-oct-2025/liveblog/124402997.cms,"Thu, 09 Oct 2025 08:11:20 +0530",
